campaign_id,campaign_name,impressions,clicks,conversions,ad_spend,revenue,CTR,CVR,CPC,CPA,ROAS
1,Summer Sale,50000.0,2500.0,120.0,800.0,2000.0,0.05,0.048,0.32,6.666666666666667,2.5
2,Black Friday,63750.0,9000.0,500.0,3000.0,9000.0,0.1411764705882353,0.05555555555555555,0.3333333333333333,6.0,3.0
3,unknown,70000.0,3500.0,247.5,1600.0,3500.0,0.05,0.07071428571428572,0.45714285714285713,6.4646464646464645,2.1875
4,Retargeting,45000.0,5250.0,70.0,500.0,5125.0,0.11666666666666667,0.013333333333333334,0.09523809523809523,7.142857142857143,10.25
5,Holiday Promo,90000.0,6000.0,300.0,2100.0,6000.0,0.06666666666666667,0.05,0.35,7.0,2.857142857142857
